,Name,Status,Province,PopulationCensus1981-03-01,PopulationCensus1991-03-01,PopulationCensus2001-11-01,PopulationCensus2011-11-01,PopulationEstimate2021-01-01,Unnamed: 8
0,Abella de la Conca,Municipality,Lleida,184,164,179,172,171,→
1,Abrera,Municipality,Barcelona,4221,5464,8624,11815,12620,→
2,Àger (Ager),Municipality,Lleida,684,592,516,588,588,→
3,Agramunt,Municipality,Lleida,4649,4803,4759,5612,5464,→
4,Aguilar de Segarra,Municipality,Barcelona,219,191,220,252,286,→
5,Agullana,Municipality,Girona,693,690,668,839,885,→
6,Aiguafreda,Municipality,Barcelona,2034,2063,2155,2469,2556,→
7,Aiguamúrcia (Aiguamurcia),Municipality,Tarragona,608,565,648,896,960,→
8,Aiguaviva,Municipality,Girona,330,354,496,776,789,→
9,Aitona,Municipality,Lleida,2258,2259,2179,2409,2493,→
10,Alàs i Cerc (Alás Serch),Municipality,Lleida,465,403,400,374,322,→
11,Albanyà (Albañá),Municipality,Girona,122,109,99,142,178,→
12,Albatàrrec (Albatarrech),Municipality,Lleida,1066,1009,1224,2078,2224,→
13,Albesa,Municipality,Lleida,1454,1462,1490,1660,1561,→
14,Albinyana (Albiñana),Municipality,Tarragona,578,777,1630,2358,2504,→
15,Albons,Municipality,Girona,481,455,534,707,798,→
16,Alcanar,Municipality,Tarragona,7959,7848,8032,10399,9579,→
17,Alcanó,Municipality,Lleida,310,289,256,237,233,→
18,Alcarràs (Alcarrás),Municipality,Lleida,4323,4507,4788,8644,9678,→
19,Alcoletge,Municipality,Lleida,1407,1517,1784,3148,3492,→
20,Alcover,Municipality,Tarragona,3444,3379,3966,5119,5185,→
21,Aldover,Municipality,Tarragona,875,823,774,955,911,→
22,Alella,Municipality,Barcelona,3381,6895,8470,9582,9954,→
23,Alfara de Carles,Municipality,Tarragona,446,391,346,407,376,→
24,Alfarràs (Alfarrás),Municipality,Lleida,3189,3018,2968,3073,2759,→
25,Alfés,Municipality,Lleida,355,337,328,339,301,→
26,Alforja,Municipality,Tarragona,1136,1088,1344,1841,1843,→
27,Algerri,Municipality,Lleida,639,554,499,439,423,→
28,Alguaire,Municipality,Lleida,2883,2859,2724,3097,3065,→
29,Alins,Municipality,Lleida,313,307,272,302,279,→
30,Alió,Municipality,Tarragona,348,336,375,398,478,→
31,Almacelles (Almacellas),Municipality,Lleida,5321,5496,5623,6682,6875,→
32,Almatret,Municipality,Lleida,619,553,463,357,310,→
33,Almenar,Municipality,Lleida,3636,3573,3464,3627,3365,→
34,Almoster,Municipality,Tarragona,371,473,945,1372,1322,→
35,Alòs de Balaguer (Alós de Balaguer),Municipality,Lleida,184,165,167,137,122,→
36,Alp,Municipality,Girona,883,908,1219,1716,1645,→
37,Alpens,Municipality,Barcelona,255,249,278,296,269,→
38,Alpicat,Municipality,Lleida,1806,2591,4416,6189,6274,→
39,Altafulla,Municipality,Tarragona,1085,1674,3293,4856,5512,→
40,Alt Àneu (Alto Aneu),Municipality,Lleida,322,351,407,434,430,→
41,Amer,Municipality,Girona,2473,2302,2182,2254,2383,→
42,Amposta,Municipality,Tarragona,14673,15321,16865,21375,21317,→
43,Anglès (Anglés),Municipality,Girona,5028,5137,4739,5680,5709,→
44,Anglesola,Municipality,Lleida,1349,1252,1219,1364,1356,→
45,Arbeca,Municipality,Lleida,2380,2332,2329,2441,2141,→
46,Arbolí,Municipality,Tarragona,98,138,120,114,126,→
47,Arbúcies (Arbucias),Municipality,Girona,4081,4550,5126,6645,6507,→
48,Arenys de Mar,Municipality,Barcelona,10087,11039,12835,14890,15942,→
49,Arenys de Munt,Municipality,Barcelona,4531,4733,6665,8501,9191,→
50,Argelaguer,Municipality,Girona,362,363,393,416,417,→
51,Argençola (Argensola),Municipality,Barcelona,221,195,192,243,220,→
52,Argentona,Municipality,Barcelona,6554,7848,9896,11877,12629,→
53,Arnes,Municipality,Tarragona,559,534,494,482,441,→
54,Arres (Arrés),Municipality,Lleida,53,50,58,63,67,→
55,Arsèguel (Arseguell),Municipality,Lleida,81,101,103,87,85,→
56,Artés,Municipality,Barcelona,4107,4086,4520,5583,5782,→
57,Artesa de Lleida (Artesa de Lérida),Municipality,Lleida,1178,1188,1313,1512,1525,→
58,Artesa de Segre,Municipality,Lleida,3354,3129,3234,3711,3441,→
59,Ascó,Municipality,Tarragona,2037,1708,1617,1673,1611,→
60,Aspa,Municipality,Lleida,288,253,268,220,207,→
61,Avià (Aviá),Municipality,Barcelona,1827,1778,1893,2258,2199,→
62,Avinyó,Municipality,Barcelona,1937,1194,2019,2313,2286,→
63,Avinyonet del Penedès (Avinyonet del Penedés),Municipality,Barcelona,1206,2049,1262,1713,1701,→
64,Avinyonet de Puigventós (Aviñonet de Puig Ventós),Municipality,Girona,356,445,874,1507,1657,→
65,Badalona,Municipality,Barcelona,229780,218725,205836,219241,223006,→
66,Badia del Vallès,Municipality,Barcelona,21679,18560,14714,13603,13228,→
67,Bagà (Bagá),Municipality,Barcelona,2130,2129,2115,2391,2145,→
68,Baix Pallars,Municipality,Lleida,451,350,359,360,342,→
69,Balaguer,Municipality,Lleida,12585,13037,13359,16868,17409,→
70,Balenyà (Balenyá),Municipality,Barcelona,2948,3231,3213,3693,3900,→
71,Balsareny,Municipality,Barcelona,3624,3405,3195,3484,3278,→
72,Banyeres del Penedès (Bañeras),Municipality,Tarragona,1555,1483,1736,2991,3280,→
73,Banyoles (Bañolas),Municipality,Girona,12451,11938,14232,19163,20168,→
74,Barbens,Municipality,Lleida,794,793,808,923,943,→
75,Barberà de la Conca (Barbará),Municipality,Tarragona,438,424,416,519,472,→
76,Barberà del Vallès (Barberá del Vallés),Municipality,Barcelona,17989,22010,26428,32186,33016,→
77,Barcelona,Municipality,Barcelona,1752627,1643542,1503884,1611013,1636732,→
78,Bàscara (Báscara),Municipality,Girona,736,775,809,958,1015,→
79,Bassella (Basella),Municipality,Lleida,400,367,267,245,224,→
80,Batea,Municipality,Tarragona,2088,2022,2000,2076,1879,→
81,Bausen,Municipality,Lleida,79,68,53,60,66,→
82,Begues (Begas),Municipality,Barcelona,1330,2029,4697,6488,7356,→
83,Begur (Bagur),Municipality,Girona,2292,2760,3459,4122,4039,→
84,Belianes,Municipality,Lleida,638,564,586,558,521,→
85,Bellaguarda,Municipality,Lleida,414,387,358,336,292,→
86,Bellcaire d'Empordà,Municipality,Girona,485,485,561,650,699,→
87,Bellcaire d'Urgell,Municipality,Lleida,1602,1425,1281,1335,1225,→
88,Bell-lloc d'Urgell (Bell Lloch),Municipality,Lleida,2178,2180,2071,2417,2329,→
89,Bellmunt del Priorat (Bellmunt del Priorato),Municipality,Tarragona,374,313,310,336,281,→
90,Bellmunt d'Urgell,Municipality,Lleida,238,237,237,196,182,→
91,Bellprat,Municipality,Barcelona,107,89,90,91,73,→
92,Bellpuig,Municipality,Lleida,3684,3916,4088,4956,5151,→
93,Bellvei (Bellvey),Municipality,Tarragona,877,978,1400,2101,2303,→
94,Bellver de Cerdanya (Bellver de Cerdaña),Municipality,Lleida,1669,1495,1614,2258,2135,→
95,Bellvís,Municipality,Lleida,2460,2254,2101,2407,2258,→
96,Benavent de Segrià (Benavent de Lérida),Municipality,Lleida,737,747,1051,1532,1533,→
97,Benifallet,Municipality,Tarragona,1037,934,848,770,741,→
98,Benissanet (Benisanet),Municipality,Tarragona,1148,1029,1053,1231,1129,→
99,Berga,Municipality,Barcelona,13547,13905,14678,16835,16682,→
100,Besalú,Municipality,Girona,2091,2098,2032,2417,2502,→
101,Bescanó,Municipality,Girona,2632,2833,3309,4669,5094,→
102,Beuda,Municipality,Girona,107,130,135,163,187,→
103,Bigues i Riells (Bigas),Municipality,Barcelona,1467,2807,5914,8803,9542,→
104,Biosca,Municipality,Lleida,309,259,238,213,178,→
105,Biure (Viure),Municipality,Girona,307,204,233,249,244,→
106,Blancafort,Municipality,Tarragona,435,398,394,413,398,→
107,Blanes,Municipality,Girona,20353,25663,30693,39309,40274,→
108,Boadella i les Escaules (Buadella),Municipality,Girona,231,209,215,253,271,→
109,Bolvir,Municipality,Girona,208,226,267,403,489,→
110,Bonastre,Municipality,Tarragona,281,268,372,636,727,→
111,Bordils,Municipality,Girona,1242,1330,1344,1716,1796,→
112,Borrassà,Municipality,Girona,529,476,547,708,752,→
113,Borredà (Borredá),Municipality,Barcelona,488,446,499,584,455,→
114,Bossòst (Bosost),Municipality,Lleida,727,784,959,1154,1120,→
115,Bot,Municipality,Tarragona,1027,906,804,682,566,→
116,Botarell,Municipality,Tarragona,411,461,736,1116,1094,→
117,Bovera (Bobera),Municipality,Lleida,545,433,384,317,261,→
118,Bràfim,Municipality,Tarragona,597,580,581,672,695,→
119,Breda,Municipality,Girona,3121,3221,3381,3761,3836,→
120,Brunyola i Sant Martí Sapresa (Bruñola),Municipality,Girona,499,373,357,400,390,→
121,Cabacés,Municipality,Tarragona,366,353,343,338,312,→
122,Cabanabona,Municipality,Lleida,128,109,94,100,60,→
123,Cabanelles (Cabanellas),Municipality,Girona,237,232,225,237,266,→
124,Cabanes (Cabanas),Municipality,Girona,827,782,759,925,941,→
125,Cabó,Municipality,Lleida,163,142,117,94,94,→
126,Cabra del Camp (Cabra del Campo),Municipality,Tarragona,409,435,682,1151,1230,→
127,Cabrera d'Anoia (Cabrera de Igualada),Municipality,Barcelona,139,216,658,1381,1521,→
128,Cabrera de Mar,Municipality,Barcelona,1703,2812,3763,4520,4787,→
129,Cabrils,Municipality,Barcelona,1472,2966,5219,7112,7567,→
130,Cadaqués,Municipality,Girona,1548,1810,2024,2843,2820,→
131,Calaf,Municipality,Barcelona,3231,3207,2975,3497,3597,→
132,Calafell,Municipality,Tarragona,4597,7166,13503,24432,28463,→
133,Calders,Municipality,Barcelona,494,581,788,956,1063,→
134,Caldes de Malavella (Caldas de Malavella),Municipality,Girona,2812,3106,4225,7075,8051,→
135,Caldes de Montbui (Caldas de Montbui),Municipality,Barcelona,10153,11293,13848,17192,17797,→
136,Caldes d'Estrac (Caldetas),Municipality,Barcelona,1162,1463,1974,2742,3097,→
137,Calella,Municipality,Barcelona,10586,11324,13694,18393,19236,→
138,Calldetenes,Municipality,Barcelona,1229,1472,1998,2430,2504,→
139,Callús,Municipality,Barcelona,1527,1396,1338,1918,2098,→
140,Calonge de Segarra,Municipality,Barcelona,199,197,197,203,194,→
141,Calonge i Sant Antoni,Municipality,Girona,4370,5030,6650,10718,11484,→
142,Camarasa (Camarasa Fontllonga),Municipality,Lleida,1019,929,876,935,807,→
143,Camarles,Municipality,Tarragona,2822,2868,2912,3521,3220,→
144,Cambrils,Municipality,Tarragona,11136,14571,21000,33169,35064,→
145,Camós,Municipality,Girona,635,611,638,682,711,→
146,Campdevànol (Campdevánol),Municipality,Girona,3596,3388,3378,3457,3225,→
147,Campelles (Campellas),Municipality,Girona,215,138,120,135,149,→
148,Campins,Municipality,Barcelona,158,190,294,488,540,→
149,Campllong (Camplloch),Municipality,Girona,309,262,311,519,533,→
150,Camprodon (Camprodón),Municipality,Girona,2386,2218,2248,2427,2435,→
151,Canejan,Municipality,Lleida,137,109,110,111,89,→
152,Canet d'Adri (Canet de Adri),Municipality,Girona,438,467,528,618,749,→
153,Canet de Mar,Municipality,Barcelona,8062,8858,10778,14153,14810,→
154,Canovelles (Canovellas),Municipality,Barcelona,12138,13326,12912,15926,16872,→
155,Cànoves i Samalús (Cánoves),Municipality,Barcelona,576,1033,1968,2852,3219,→
156,Cantallops,Municipality,Girona,307,263,258,324,305,→
157,Canyelles (Canyellas),Municipality,Barcelona,565,730,2158,4245,4886,→
158,Capafonts (Capafons),Municipality,Tarragona,103,111,116,123,125,→
159,Capçanes (Capsanes),Municipality,Tarragona,465,415,412,422,394,→
160,Capellades,Municipality,Barcelona,4883,5031,4881,5448,5314,→
161,Capmany,Municipality,Girona,485,404,490,619,618,→
162,Capolat,Municipality,Barcelona,145,59,66,91,84,→
163,Cardedeu,Municipality,Barcelona,7240,9040,12792,17336,18609,→
164,Cardona,Municipality,Barcelona,6608,6445,5401,5057,4593,→
165,Carme,Municipality,Barcelona,717,679,674,852,768,→
166,Caseres (Caseras),Municipality,Tarragona,338,343,320,278,226,→
167,Cassà de la Selva (Cassá de la Selva),Municipality,Girona,6739,7165,7712,9842,10505,→
168,Casserres (Caserras),Municipality,Barcelona,1793,1672,1528,1582,1636,→
169,Castellar de la Ribera,Municipality,Lleida,191,160,153,159,136,→
170,Castellar del Riu,Municipality,Barcelona,108,63,119,174,171,→
171,Castellar del Vallès (Castellar del Vallés),Municipality,Barcelona,11008,13500,18255,23275,24659,→
172,Castellar de n'Hug (Castellar de Nuch),Municipality,Barcelona,157,162,170,176,167,→
173,Castellbell i el Vilar (Castellbell y Vilar),Municipality,Barcelona,3433,2807,2913,3658,3853,→
174,Castellbisbal,Municipality,Barcelona,3403,4983,9128,12340,12610,→
175,Castellcir,Municipality,Barcelona,221,247,406,664,753,→
176,Castelldans (Castelldáns),Municipality,Lleida,1047,974,939,1011,900,→
177,Castelldefels (Casteldefels),Municipality,Barcelona,24697,33017,46428,61858,67226,→
178,Castell de l'Areny (Castell del Areny),Municipality,Barcelona,49,41,58,74,72,→
179,Castell de Mur,Municipality,Lleida,205,143,149,176,169,→
180,Castellet i la Gornal (Castellet y Gornal),Municipality,Barcelona,1059,1107,1488,2244,2452,→
181,Castellfollit de la Roca (Castellfullit de la Roca),Municipality,Girona,1144,1029,964,989,939,→
182,Castellfollit del Boix (Castellfullit del Boix),Municipality,Barcelona,318,315,383,413,448,→
183,Castellfollit de Riubregós,Municipality,Barcelona,276,250,222,186,163,→
184,Castellgalí,Municipality,Barcelona,676,702,966,1997,2179,→
185,Castellnou de Bages,Municipality,Barcelona,88,196,601,1178,1420,→
186,Castellnou de Seana,Municipality,Lleida,812,748,693,764,692,→
187,Castelló de Farfanya (Castellón de Farfaña),Municipality,Lleida,694,605,583,545,529,→
188,Castelló d'Empúries (Castellón de Ampurias),Municipality,Girona,2657,3637,5896,11358,11154,→
189,Castellolí,Municipality,Barcelona,452,435,430,564,653,→
190,Castell-Platja d'Aro (Castillo de Aro),Municipality,Girona,3778,4823,6806,10423,11455,→
191,Castellserà (Castellserá),Municipality,Lleida,1256,1161,1103,1092,976,→
192,Castellterçol (Castelltersol),Municipality,Barcelona,2057,1903,2031,2411,2632,→
193,Castellvell del Camp,Municipality,Tarragona,626,892,1537,2851,2873,→
194,Castellví de la Marca,Municipality,Barcelona,1423,1437,1433,1647,1597,→
195,Castellví de Rosanes,Municipality,Barcelona,350,661,1195,1756,1996,→
196,Cava (Cavá),Municipality,Lleida,63,51,54,62,46,→
197,Celrà (Celrá),Municipality,Girona,2131,2358,2731,4845,5606,→
198,Centelles (Centellas),Municipality,Barcelona,5621,5682,5822,7323,7595,→
199,Cercs (Serchs),Municipality,Barcelona,1901,1665,1371,1311,1190,→
200,Cerdanyola del Vallès (Sardañola del Vallés),Municipality,Barcelona,40078,47189,53343,57674,57217,→
201,Cervelló,Municipality,Barcelona,2502,3579,6200,8628,9233,→
202,Cervera,Municipality,Lleida,6444,6951,7917,9416,9328,→
203,Cervià de les Garrigues (Cerviá),Municipality,Lleida,933,849,855,761,665,→
204,Cervià de Ter (Cerviá de Ter),Municipality,Girona,655,637,662,900,973,→
205,Cistella,Municipality,Girona,224,205,243,270,282,→
206,Ciutadilla,Municipality,Lleida,289,230,220,207,202,→
207,Clariana de Cardener,Municipality,Lleida,177,146,151,142,158,→
208,Colera,Municipality,Girona,491,441,502,536,462,→
209,Collbató,Municipality,Barcelona,592,1074,2429,4284,4655,→
210,Colldejou,Municipality,Tarragona,178,193,186,177,167,→
211,Coll de Nargó,Municipality,Lleida,742,623,583,595,548,→
212,Collsuspina,Municipality,Barcelona,350,214,268,347,387,→
213,Colomers (Colomés),Municipality,Girona,226,198,203,202,188,→
214,Conca de Dalt,Municipality,Lleida,510,473,424,426,421,→
215,Conesa,Municipality,Tarragona,145,121,132,129,106,→
216,Constantí,Municipality,Tarragona,6061,5353,5084,6714,6724,→
217,Copons (Copóns),Municipality,Barcelona,324,262,278,331,322,→
218,Corbera d'Ebre (Corbera de Ebro),Municipality,Tarragona,1223,1122,1050,1172,981,→
219,Corbera de Llobregat,Municipality,Barcelona,2967,5327,9610,14180,15017,→
220,Corbins (Corbíns),Municipality,Lleida,1048,1039,1105,1399,1499,→
221,Corçà (Corsá),Municipality,Girona,1076,1083,1143,1284,1275,→
222,Cornellà de Llobregat (Cornellá de Llobregat),Municipality,Barcelona,91563,84927,79979,86504,89300,→
223,Cornellà del Terri (Cornellá del Terri),Municipality,Girona,1756,1800,1870,2241,2422,→
224,Cornudella de Montsant,Municipality,Tarragona,980,859,859,1013,965,→
225,Creixell,Municipality,Tarragona,540,1056,2086,3416,3912,→
226,Crespià (Crespiá),Municipality,Girona,224,231,232,261,270,→
227,"Cruïlles, Monells i Sant Sadurní de l'Heura (Cruilles, Monells y San Sadurní)",Municipality,Girona,1060,1054,1090,1240,1327,→
228,Cubelles (Cubellas),Municipality,Barcelona,2214,3149,7326,14186,16051,→
229,Cubells (Cubélls),Municipality,Lleida,453,384,355,399,357,→
230,Cunit,Municipality,Tarragona,897,2425,6402,12590,14081,→
231,Darnius,Municipality,Girona,470,500,514,530,540,→
232,Das,Municipality,Girona,134,142,151,224,248,→
233,Deltebre,Municipality,Tarragona,9881,10180,10478,12124,11539,→
234,Dosrius,Municipality,Barcelona,737,1211,3098,5171,5685,→
235,Duesaigües (Dosaiguas),Municipality,Tarragona,202,211,201,238,234,→
236,El Bruc (Bruch),Municipality,Barcelona,652,753,1234,2012,2177,→
237,El Brull,Municipality,Barcelona,187,182,186,258,275,→
238,El Catllar,Municipality,Tarragona,767,1300,2594,4165,4740,→
239,El Cogul,Municipality,Lleida,264,232,235,193,143,→
240,El Far d'Empordà,Municipality,Girona,465,396,387,554,619,→
241,El Lloar (Lloá),Municipality,Tarragona,202,138,114,116,111,→
242,El Masnou,Municipality,Barcelona,14522,18393,20678,22430,23848,→
243,El Masroig,Municipality,Tarragona,601,528,519,555,499,→
244,El Milà (Milá),Municipality,Tarragona,156,168,162,174,191,→
245,El Molar (Molá),Municipality,Tarragona,358,324,294,294,298,→
246,El Montmell,Municipality,Tarragona,164,280,721,1505,1730,→
247,El Morell,Municipality,Tarragona,2214,2272,2332,3486,3732,→
248,El Palau d'Anglesola,Municipality,Lleida,1672,1609,1685,2178,2205,→
249,El Papiol,Municipality,Barcelona,3187,3327,3314,3990,4232,→
250,El Perelló,Municipality,Tarragona,2216,2155,2228,3126,2846,→
251,El Pinell de Brai,Municipality,Tarragona,1280,1170,1099,1108,998,→
252,El Pla del Penedès,Municipality,Barcelona,1000,964,895,1187,1306,→
253,El Pla de Santa Maria,Municipality,Tarragona,1461,1579,1669,2385,2340,→
254,El Poal,Municipality,Lleida,728,646,632,645,667,→
255,El Pont d'Armentera,Municipality,Tarragona,593,594,527,598,493,→
256,El Pont de Bar,Municipality,Lleida,167,169,159,182,174,→
257,El Pont de Suert,Municipality,Lleida,2961,2285,2048,2499,2331,→
258,El Pont de Vilomara i Rocafort,Municipality,Barcelona,2109,2230,2688,3743,4016,→
259,El Port de la Selva,Municipality,Girona,729,761,760,996,1010,→
260,El Prat de Llobregat,Municipality,Barcelona,60419,64321,61818,62981,65532,→
261,El Rourell,Municipality,Tarragona,305,242,256,388,402,→
262,Els Alamús,Municipality,Lleida,664,660,678,742,773,→
263,Els Garidells,Municipality,Tarragona,179,181,175,191,198,→
264,Els Guiamets,Municipality,Tarragona,309,294,304,313,276,→
265,Els Hostalets de Pierola,Municipality,Barcelona,841,921,1454,2880,3064,→
266,El Soleràs,Municipality,Lleida,541,449,412,365,337,→
267,Els Omellons (Omellóns),Municipality,Lleida,291,270,248,251,202,→
268,Els Omells de na Gaia,Municipality,Lleida,178,152,152,149,127,→
269,Els Pallaresos,Municipality,Tarragona,364,668,2701,4362,4872,→
270,Els Plans de Sió,Municipality,Lleida,794,671,547,558,503,→
271,Els Prats de Rei (Prats del Rey),Municipality,Barcelona,619,562,537,532,551,→
272,Els Torms (Torms),Municipality,Lleida,234,215,191,168,145,→
273,El Vendrell,Municipality,Tarragona,11661,15415,23744,36476,38891,→
274,El Vilosell,Municipality,Lleida,231,214,197,197,192,→
275,Es Bòrdes (Las Bordas),Municipality,Lleida,167,193,208,236,285,→
276,Esparreguera (Esparraguera),Municipality,Barcelona,11079,12612,18290,21875,22358,→
277,Espinelves (Espinelvas),Municipality,Girona,254,191,184,201,239,→
278,Esplugues de Llobregat (Esplugas de Llobregat),Municipality,Barcelona,46079,48310,45127,46307,46777,→
279,Espolla,Municipality,Girona,430,390,369,412,412,→
280,Esponellà,Municipality,Girona,374,383,369,446,469,→
281,Espot,Municipality,Lleida,227,243,309,350,366,→
282,Estamariu,Municipality,Lleida,135,134,128,119,129,→
283,Estaràs (Estarás),Municipality,Lleida,225,167,182,166,172,→
284,Esterri d'Àneu (Esterri de Aneu),Municipality,Lleida,566,496,638,886,832,→
285,Esterri de Cardós,Municipality,Lleida,56,66,72,74,64,→
286,Falset,Municipality,Tarragona,2647,2592,2471,2882,2724,→
287,Farrera,Municipality,Lleida,75,88,100,138,116,→
288,Figaró-Montmany,Municipality,Barcelona,634,631,873,1109,1127,→
289,Fígols,Municipality,Barcelona,58,33,49,46,46,→
290,Fígols i Alinyà (Fígols y Aliñá),Municipality,Lleida,410,347,267,276,260,→
291,Figueres (Figueras),Municipality,Girona,30412,34573,33064,44493,47043,→
292,Figuerola del Camp,Municipality,Tarragona,203,212,287,342,336,→
293,Flaçà (Flassá),Municipality,Girona,991,914,863,1051,1147,→
294,Flix,Municipality,Tarragona,5009,5025,3952,3894,3451,→
295,Fogars de la Selva (Fogás de Tordera),Municipality,Barcelona,252,397,806,1517,1540,→
296,Fogars de Montclús (Fogás de Monclús),Municipality,Barcelona,278,245,352,443,467,→
297,Foixà (Foixá),Municipality,Girona,334,301,311,310,299,→
298,Folgueroles (Folgarolas),Municipality,Barcelona,1016,1160,1693,2233,2269,→
299,Fondarella,Municipality,Lleida,516,634,678,822,781,→
300,Fonollosa,Municipality,Barcelona,633,685,1067,1432,1495,→
301,Fontanals de Cerdanya (Fontanals de Cerdaña),Municipality,Girona,313,296,406,471,506,→
302,Fontanilles (Fontanillas),Municipality,Girona,140,117,138,161,157,→
303,Fontcoberta (Fontcuberta),Municipality,Girona,628,923,1178,1365,1468,→
304,Font-rubí (Fontrubí),Municipality,Barcelona,1171,1138,1262,1433,1440,→
305,Foradada,Municipality,Lleida,162,156,200,183,195,→
306,Forallac,Municipality,Girona,1529,1492,1598,1725,1708,→
307,Forès (Forés),Municipality,Tarragona,71,60,61,51,48,→
308,Fornells de la Selva,Municipality,Girona,944,1152,1627,2441,2700,→
309,Fortià (Fortiá),Municipality,Girona,493,502,524,666,793,→
310,Freginals,Municipality,Tarragona,414,373,381,453,391,→
311,Fulleda,Municipality,Lleida,121,123,115,102,101,→
312,Gaià (Gayá),Municipality,Barcelona,143,133,148,166,189,→
313,Gallifa,Municipality,Barcelona,72,88,186,201,183,→
314,Gandesa,Municipality,Tarragona,2831,2651,2641,3119,3098,→
315,Garcia,Municipality,Tarragona,638,567,519,581,535,→
316,Garrigàs (Garrigás),Municipality,Girona,345,305,310,378,464,→
317,Garrigoles (Garrigolas),Municipality,Girona,154,151,157,162,170,→
318,Garriguella,Municipality,Girona,600,643,722,851,909,→
319,Gavà (Gavá),Municipality,Barcelona,33624,35204,39815,46306,46931,→
320,Gavet de la Conca (Gabet de la Conca),Municipality,Lleida,469,369,313,310,262,→
321,Gelida,Municipality,Barcelona,3650,3908,4571,7079,7723,→
322,Ger,Municipality,Girona,264,270,373,472,502,→
323,Gimenells i el Pla de la Font,Municipality,Lleida,1188,1186,1066,1169,1118,→
324,Ginestar,Municipality,Tarragona,948,884,835,907,787,→
325,Girona (Gerona),Municipality,Girona,63308,68656,74879,96113,101932,→
326,Gironella,Municipality,Barcelona,5600,5009,4858,5045,4916,→
327,Gisclareny,Municipality,Barcelona,21,32,28,32,27,→
328,Godall,Municipality,Tarragona,823,763,713,770,614,→
329,Golmés,Municipality,Lleida,1293,1280,1374,1739,1855,→
330,Gombrèn (Gombreny),Municipality,Girona,264,239,231,205,196,→
331,Gósol,Municipality,Lleida,204,201,238,228,232,→
332,Granera,Municipality,Barcelona,54,58,67,83,85,→
333,Granollers,Municipality,Barcelona,45348,51873,53105,59571,62475,→
334,Granyanella (Grañanella),Municipality,Lleida,128,130,142,148,145,→
335,Granyena de les Garrigues (Grañena de las Garrigas),Municipality,Lleida,222,182,154,174,154,→
336,Granyena de Segarra (Grañena),Municipality,Lleida,217,186,149,137,159,→
337,Gratallops,Municipality,Tarragona,301,246,224,266,237,→
338,Gualba,Municipality,Barcelona,631,629,830,1371,1585,→
339,Gualta,Municipality,Girona,313,267,311,396,421,→
340,Guardiola de Berguedà (Guardiola de Berga),Municipality,Barcelona,1164,1028,940,993,929,→
341,Guils de Cerdanya (Guils de Cerdaña),Municipality,Girona,239,278,331,546,588,→
342,Guimerà (Guimerá),Municipality,Lleida,502,419,365,312,263,→
343,Guissona (Guisona),Municipality,Lleida,2602,2642,3581,6668,7291,→
344,Guixers (Guixes),Municipality,Lleida,169,152,154,130,126,→
345,Gurb,Municipality,Barcelona,1509,1674,1955,2577,2705,→
346,Horta de Sant Joan (Horta de San Juan),Municipality,Tarragona,1380,1328,1217,1282,1138,→
347,Hostalric (Hostalrich),Municipality,Girona,2672,2899,2912,3997,4332,→
348,Igualada,Municipality,Barcelona,31532,31855,33049,39103,40875,→
349,Isona i Conca Dellà (Isona y Conca Dellá),Municipality,Lleida,1565,1367,1180,1081,1060,→
350,Isòvol (Isóbol),Municipality,Girona,197,175,189,319,314,→
351,Ivars de Noguera (Ibars de Noguera),Municipality,Lleida,378,344,339,360,335,→
352,Ivars d'Urgell (Ibars de Urgel),Municipality,Lleida,1865,1744,1711,1629,1553,→
353,Ivorra (Iborra),Municipality,Lleida,199,152,165,115,110,→
354,Jafre,Municipality,Girona,379,351,339,412,382,→
355,Jorba,Municipality,Barcelona,471,513,605,827,825,→
356,Josa i Tuixén (Josá Tuixent),Municipality,Lleida,133,145,146,139,100,→
357,Juià (Juyá),Municipality,Girona,269,283,267,342,327,→
358,Juncosa,Municipality,Lleida,638,585,547,456,397,→
359,Juneda,Municipality,Lleida,3046,2949,2960,3443,3569,→
360,La Baronia de Rialb,Municipality,Lleida,298,256,273,253,229,→
361,La Bisbal de Falset,Municipality,Tarragona,328,266,248,225,218,→
362,La Bisbal del Penedès,Municipality,Tarragona,1239,1388,2182,3433,3830,→
363,La Bisbal d'Empordà,Municipality,Girona,7411,7778,8145,10559,11190,→
364,La Canonja (← Tarragona),Municipality,Tarragona,...,...,...,5708,5933,→
365,La Cellera de Ter,Municipality,Girona,2046,2069,1987,2048,1973,→
366,La Coma i la Pedra,Municipality,Lleida,228,251,239,274,277,→
367,La Fatarella,Municipality,Tarragona,1465,1383,1201,1100,917,→
368,La Febró,Municipality,Tarragona,31,55,62,49,41,→
369,La Figuera,Municipality,Tarragona,146,135,124,125,117,→
370,La Floresta,Municipality,Lleida,193,198,185,170,145,→
371,La Fuliola,Municipality,Lleida,1323,1329,1230,1309,1247,→
372,La Galera,Municipality,Tarragona,799,761,749,832,723,→
373,La Garriga,Municipality,Barcelona,8178,9447,12037,15421,16733,→
374,La Granada,Municipality,Barcelona,1195,1202,1432,2035,2207,→
375,La Granadella,Municipality,Lleida,955,844,776,741,705,→
376,La Granja d'Escarp,Municipality,Lleida,1167,1142,1064,974,931,→
377,La Guingueta d'Àneu,Municipality,Lleida,264,268,316,344,300,→
378,La Jonquera,Municipality,Girona,2415,2502,2636,3150,3340,→
379,L'Albagés (Albagés),Municipality,Lleida,587,557,518,432,357,→
380,L'Albi (Albí),Municipality,Lleida,796,797,798,860,749,→
381,L'Albiol (Albiol),Municipality,Tarragona,78,111,192,446,515,→
382,L'Aldea (La Aldea),Municipality,Tarragona,3048,3558,3453,4445,4160,→
383,L'Aleixar (Aleixar),Municipality,Tarragona,651,618,728,909,912,→
384,La Llacuna,Municipality,Barcelona,729,792,836,913,917,→
385,La Llagosta,Municipality,Barcelona,12705,11276,12042,13595,13259,→
386,La Masó,Municipality,Tarragona,287,263,280,297,283,→
387,L'Ametlla del Vallès (La Ametlla),Municipality,Barcelona,1889,3362,6133,8187,8787,→
388,L'Ametlla de Mar (La Ametlla de Mar),Municipality,Tarragona,3772,4159,5015,7341,7131,→
389,La Molsosa,Municipality,Lleida,147,135,134,116,102,→
390,La Morera de Montsant,Municipality,Tarragona,180,187,148,162,163,→
391,L'Ampolla (La Ampolla),Municipality,Tarragona,1320,1575,1995,3342,3444,→
392,La Nou de Berguedà,Municipality,Barcelona,148,140,158,155,176,→
393,La Nou de Gaià,Municipality,Tarragona,383,367,406,536,616,→
394,La Palma d'Ebre,Municipality,Tarragona,488,457,405,394,334,→
395,La Palma de Cervelló,Municipality,Barcelona,1045,1810,2696,3009,3015,→
396,La Pera,Municipality,Girona,356,381,392,427,448,→
397,La Pobla de Cérvoles,Municipality,Lleida,231,207,224,245,198,→
398,La Pobla de Claramunt,Municipality,Barcelona,1683,1635,1790,2261,2207,→
399,La Pobla de Lillet,Municipality,Barcelona,2003,1772,1388,1248,1063,→
400,La Pobla de Mafumet,Municipality,Tarragona,833,890,1194,2909,4025,→
401,La Pobla de Massaluca,Municipality,Tarragona,496,471,430,366,341,→
402,La Pobla de Montornès,Municipality,Tarragona,791,926,1522,2861,2999,→
403,La Pobla de Segur,Municipality,Lleida,3393,3115,2789,3159,3050,→
404,La Portella,Municipality,Lleida,595,613,623,771,727,→
405,La Quar,Municipality,Barcelona,43,43,70,64,51,→
406,L'Arboç (Arbós),Municipality,Tarragona,4039,3546,3715,5478,5625,→
407,L'Argentera (Argentera),Municipality,Tarragona,158,132,145,153,126,→
408,La Riba,Municipality,Tarragona,992,911,676,684,575,→
409,La Riera de Gaià,Municipality,Tarragona,976,908,1034,1678,1737,→
410,L'Armentera (La Armentera),Municipality,Girona,759,743,742,852,998,→
411,La Roca del Vallès,Municipality,Barcelona,4683,5791,7748,10354,10676,→
412,La Secuita,Municipality,Tarragona,763,926,1153,1602,1728,→
413,La Selva del Camp,Municipality,Tarragona,3241,3499,4290,5582,5694,→
414,La Selva de Mar,Municipality,Girona,158,167,197,199,212,→
415,La Sénia,Municipality,Tarragona,4644,4863,5365,5961,5530,→
416,La Sentiu de Sió,Municipality,Lleida,509,464,469,476,426,→
417,La Seu d'Urgell,Municipality,Lleida,10190,10374,10887,12484,12252,→
418,La Tallada d'Empordà,Municipality,Girona,384,331,323,448,466,→
419,La Torre de Cabdella,Municipality,Lleida,721,754,672,759,765,→
420,La Torre de Claramunt,Municipality,Barcelona,1220,1545,2519,3847,3852,→
421,La Torre de Fontaubella,Municipality,Tarragona,82,79,133,132,128,→
422,La Torre de l'Espanyol,Municipality,Tarragona,856,727,714,679,598,→
423,La Vajol,Municipality,Girona,70,69,93,87,88,→
424,La Vall de Bianya,Municipality,Girona,1126,1051,1135,1320,1315,→
425,La Vall de Boí (Valle de Bohí),Municipality,Lleida,583,637,869,1045,1060,→
426,La Vall d'en Bas,Municipality,Girona,2640,2531,2529,2936,3115,→
427,La Vansa i Fórnols,Municipality,Lleida,157,167,173,200,156,→
428,La Vilella Alta,Municipality,Tarragona,147,136,132,141,131,→
429,La Vilella Baixa,Municipality,Tarragona,194,163,177,222,208,→
430,Les,Municipality,Lleida,559,674,691,1006,966,→
431,Les Avellanes i Santa Linya,Municipality,Lleida,573,485,477,452,447,→
432,Les Borges Blanques,Municipality,Lleida,5174,5089,5143,6034,6195,→
433,Les Borges del Camp,Municipality,Tarragona,1356,1383,1620,2123,2104,→
434,Les Cabanyes,Municipality,Barcelona,320,411,570,948,1005,→
435,L'Escala (La Escala),Municipality,Girona,4077,5178,5823,10206,10497,→
436,Les Franqueses del Vallès,Municipality,Barcelona,8710,10294,13007,18903,20351,→
437,Les Llosses,Municipality,Girona,525,413,254,219,209,→
438,Les Masies de Roda,Municipality,Barcelona,569,624,710,767,704,→
439,Les Masies de Voltregà,Municipality,Barcelona,2379,2479,2873,3150,3178,→
440,Les Oluges,Municipality,Lleida,293,214,177,165,169,→
441,Les Piles,Municipality,Tarragona,126,134,189,211,218,→
442,Les Planes d'Hostoles,Municipality,Girona,1861,1803,1722,1686,1711,→
443,L'Espluga Calba (Espluga Calva),Municipality,Lleida,471,450,432,423,328,→
444,L'Espluga de Francolí (Espluga de Francolí),Municipality,Tarragona,3507,3605,3611,3879,3717,→
445,Les Preses,Municipality,Girona,1403,1300,1495,1751,1875,→
446,L'Espunyola (Espunyola),Municipality,Barcelona,311,270,267,260,258,→
447,L'Esquirol (Santa Maria de Corcó),Municipality,Barcelona,1895,1997,2165,2176,2198,→
448,L'Estany (Estany),Municipality,Barcelona,382,370,403,390,408,→
449,Les Valls d'Aguilar,Municipality,Lleida,270,229,325,292,264,→
450,Les Valls de Valira,Municipality,Lleida,765,818,739,907,800,→
451,L'Hospitalet de Llobregat (Hospitalet de Llobregat),Municipality,Barcelona,295074,272578,239019,256509,264657,→
452,Linyola (Liñola),Municipality,Lleida,2327,2385,2374,2642,2724,→
453,Lladó,Municipality,Girona,509,484,507,724,845,→
454,Lladorre,Municipality,Lleida,183,214,238,242,244,→
455,Lladurs,Municipality,Lleida,306,254,220,187,187,→
456,Llagostera,Municipality,Girona,5033,5354,5186,8059,8851,→
457,Llambilles (Llambillas),Municipality,Girona,423,429,486,711,730,→
458,Llanars (Llanás),Municipality,Girona,385,389,510,547,535,→
459,Llançà (Llansá),Municipality,Girona,2996,3495,3890,5062,4842,→
460,Llardecans (Llardecáns),Municipality,Lleida,742,683,607,506,429,→
461,Llavorsí,Municipality,Lleida,295,268,283,359,345,→
462,Lleida (Lérida),Municipality,Lleida,106814,112093,112199,137283,140080,→
463,Llers,Municipality,Girona,643,790,1012,1177,1252,→
464,Lles de Cerdanya,Municipality,Lleida,326,301,279,270,288,→
465,Lliçà d'Amunt (Llissá de Munt),Municipality,Barcelona,2655,3496,10629,14560,15673,→
466,Lliçà de Vall (Llissá de Vall),Municipality,Barcelona,1703,5417,5353,6331,6580,→
467,Llimiana,Municipality,Lleida,172,124,141,181,155,→
468,Llinars del Vallès (Llinás del Vallés),Municipality,Barcelona,4693,5586,7238,9442,10116,→
469,Llívia (Llivia),Municipality,Girona,921,854,1006,1641,1504,→
470,Llobera (Llovera),Municipality,Lleida,261,251,218,206,187,→
471,Llorac (Llorach),Municipality,Tarragona,100,104,122,111,92,→
472,Llorenç del Penedès (Lloréns),Municipality,Tarragona,1229,1306,1661,2273,2381,→
473,Lloret de Mar,Municipality,Girona,10463,15018,20239,39245,38402,→
474,Lluçà (Llusá),Municipality,Barcelona,298,282,267,256,271,→
475,Maçanet de Cabrenys (Massanet de Cabrenys),Municipality,Girona,802,690,666,740,729,→
476,Maçanet de la Selva (Massanet de la Selva),Municipality,Girona,2135,2954,4010,7091,7349,→
477,Madremanya (Madremaña),Municipality,Girona,202,179,197,259,296,→
478,Maià de Montcal (Mayá de Moncal),Municipality,Girona,385,325,335,435,469,→
479,Maials (Mayals),Municipality,Lleida,1262,1083,952,974,926,→
480,Maldà (Maldá),Municipality,Lleida,376,325,271,240,237,→
481,Malgrat de Mar,Municipality,Barcelona,10972,11565,14367,18470,18950,→
482,Malla,Municipality,Barcelona,283,247,239,266,276,→
483,Manlleu,Municipality,Barcelona,15962,16148,17532,20302,20804,→
484,Manresa,Municipality,Barcelona,67007,66320,63981,76311,78192,→
485,Marçà (Marsá),Municipality,Tarragona,637,574,616,639,612,→
486,Margalef (Margalef de Montsant),Municipality,Tarragona,167,148,133,111,104,→
487,Marganell,Municipality,Barcelona,261,211,233,314,271,→
488,Martorell,Municipality,Barcelona,15948,16653,23023,27668,28667,→
489,Martorelles (Martorellas),Municipality,Barcelona,4336,4888,4906,4892,4823,→
490,Masarac (Masarach),Municipality,Girona,259,258,241,282,284,→
491,Mas de Barberans (Mas de Barberáns),Municipality,Tarragona,784,753,682,633,572,→
492,Masdenverge,Municipality,Tarragona,848,925,950,1110,1109,→
493,Masllorenç (Maslloréns),Municipality,Tarragona,418,376,429,519,508,→
494,Maspujols,Municipality,Tarragona,411,379,496,742,826,→
495,Masquefa,Municipality,Barcelona,2287,2653,5500,8370,9623,→
496,Massalcoreig (Masalcorreig),Municipality,Lleida,722,669,598,566,599,→
497,Massanes (Massanas),Municipality,Girona,490,477,565,712,803,→
498,Massoteres (Masoteras),Municipality,Lleida,184,159,185,203,223,→
499,Matadepera,Municipality,Barcelona,2376,4746,7190,8685,9672,→
500,Mataró,Municipality,Barcelona,97008,101510,106358,123367,129120,→
501,Mediona,Municipality,Barcelona,970,1035,1503,2356,2419,→
502,Menàrguens (Menarguens),Municipality,Lleida,1011,882,819,873,789,→
503,Meranges (Maranges),Municipality,Girona,64,64,79,90,97,→
504,Mieres (Mieras),Municipality,Girona,396,339,318,329,349,→
505,Miralcamp,Municipality,Lleida,1194,1197,1215,1438,1366,→
506,Miravet,Municipality,Tarragona,865,822,772,776,685,→
507,Moià (Moyá),Municipality,Barcelona,3083,3280,4344,5733,6474,→
508,Molins de Rei (Molins de Rey),Municipality,Barcelona,18308,17840,20639,24735,26104,→
509,Mollerussa (Mollerusa),Municipality,Lleida,8350,8966,10004,14631,14545,→
510,Mollet del Vallès,Municipality,Barcelona,35480,40877,47270,52096,51151,→
511,Mollet de Peralada,Municipality,Girona,180,180,183,177,197,→
512,Molló,Municipality,Girona,404,373,334,348,347,→
513,Monistrol de Calders,Municipality,Barcelona,602,621,613,683,716,→
514,Monistrol de Montserrat,Municipality,Barcelona,2609,2514,2521,2989,3178,→
515,Montagut i Oix (Montagut y Oix),Municipality,Girona,797,774,824,979,951,→
516,Montblanc (Montblanch),Municipality,Tarragona,5291,5750,6064,7315,7433,→
517,Montbrió del Camp (Montbrió de Tarragona),Municipality,Tarragona,1494,1393,1492,2490,2985,→
518,Montcada i Reixac (Moncada y Reixach),Municipality,Barcelona,25625,26356,28295,34522,36794,→
519,Montclar,Municipality,Barcelona,270,255,117,116,136,→
520,Montellà i Martinet (Montellá Martinet),Municipality,Lleida,561,555,529,674,596,→
521,Montesquiu,Municipality,Barcelona,1002,855,822,912,1048,→
522,Montferrer i Castellbò (Montferrer Castellbó),Municipality,Lleida,609,659,736,1002,1081,→
523,Montferri,Municipality,Tarragona,176,153,159,385,397,→
524,Montgai (Mongay),Municipality,Lleida,940,863,798,702,655,→
525,Montgat,Municipality,Barcelona,6944,7286,8335,10796,12260,→
526,Montmajor (Montmayor),Municipality,Barcelona,739,494,466,470,472,→
527,Montmaneu,Municipality,Barcelona,309,236,178,189,158,→
528,Montmeló,Municipality,Barcelona,6871,7454,8592,8842,8798,→
529,Montoliu de Lleida,Municipality,Lleida,423,463,464,511,493,→
530,Montoliu de Segarra (Montolíu de Cervera),Municipality,Lleida,215,213,167,192,191,→
531,Montornès del Vallès (Montornés del Vallés),Municipality,Barcelona,9885,10844,12868,16155,16804,→
532,Montornès de Segarra (Montornés de Segarra),Municipality,Lleida,149,123,101,93,91,→
533,Mont-ral (Montreal),Municipality,Tarragona,51,116,154,165,169,→
534,Mont-ras (Montrás),Municipality,Girona,898,1371,1676,1810,1672,→
535,Mont-roig del Camp (Montroig),Municipality,Tarragona,4232,5003,6753,12298,12689,→
536,Montseny,Municipality,Barcelona,269,286,286,298,362,→
537,Móra d'Ebre (Mora de Ebro),Municipality,Tarragona,4332,4425,4612,5631,5585,→
538,Móra la Nova (Mora la Nueva),Municipality,Tarragona,3127,2671,2832,3202,3120,→
539,Muntanyola (Montanyola),Municipality,Barcelona,199,171,341,593,655,→
540,Mura,Municipality,Barcelona,179,251,208,226,231,→
541,Nalec (Nalech),Municipality,Lleida,115,103,101,91,88,→
542,Naut Aran (Alto Arán),Municipality,Lleida,1129,1087,1444,1736,1941,→
543,Navarcles (Navarclés),Municipality,Barcelona,4588,5111,5350,5982,6068,→
544,Navàs (Navás),Municipality,Barcelona,5225,5538,5435,6143,5973,→
545,Navata,Municipality,Girona,614,661,741,1216,1434,→
546,Navès (Navés),Municipality,Lleida,365,285,278,275,293,→
547,Nulles,Municipality,Tarragona,388,338,359,442,516,→
548,Odèn (Odén),Municipality,Lleida,391,302,277,266,253,→
549,Òdena (Ódena),Municipality,Barcelona,2586,2534,2691,3577,3681,→
550,Ogassa,Municipality,Girona,310,256,256,251,240,→
551,Olèrdola,Municipality,Barcelona,1579,1607,2422,3572,3847,→
552,Olesa de Bonesvalls,Municipality,Barcelona,305,447,1056,1744,1923,→
553,Olesa de Montserrat,Municipality,Barcelona,13914,14962,17987,23909,24132,→
554,Oliana,Municipality,Lleida,2104,2017,1880,1896,1857,→
555,Oliola,Municipality,Lleida,268,202,231,219,201,→
556,Olius,Municipality,Lleida,444,486,566,878,962,→
557,Olivella,Municipality,Barcelona,111,401,1453,3617,4127,→
558,Olost,Municipality,Barcelona,961,960,1158,1194,1190,→
559,Olot,Municipality,Girona,25072,26713,28060,33552,36299,→
560,Olvan (Olván),Municipality,Barcelona,1215,983,872,890,874,→
561,Ordis,Municipality,Girona,294,304,342,383,369,→
562,Organyà (Orgaña),Municipality,Lleida,1143,1049,962,894,766,→
563,Orís,Municipality,Barcelona,268,922,248,299,339,→
564,Oristà (Oristá),Municipality,Barcelona,963,226,633,561,547,→
565,Orpí,Municipality,Barcelona,158,154,143,159,154,→
566,Òrrius (Orrius),Municipality,Barcelona,255,366,463,655,779,→
567,Os de Balaguer,Municipality,Lleida,934,764,804,995,1000,→
568,Osor,Municipality,Girona,484,494,206,451,426,→
569,Ossó de Sió,Municipality,Lleida,241,237,239,217,196,→
570,Pacs del Penedès (Pachs del Panadés),Municipality,Barcelona,401,436,704,867,915,→
571,Palafolls,Municipality,Barcelona,2609,3186,5917,8982,9646,→
572,Palafrugell,Municipality,Girona,15156,17417,18322,22653,23046,→
573,Palamós,Municipality,Girona,12376,13338,14842,17774,18196,→
574,Palau de Santa Eulàlia (Palau de Santa Eulalia),Municipality,Girona,90,81,80,105,111,→
575,Palau-sator,Municipality,Girona,315,296,283,294,323,→
576,Palau-saverdera (Palau Sabardera),Municipality,Girona,670,686,852,1461,1490,→
577,Palau-solità i Plegamans,Municipality,Barcelona,4209,7479,11384,14410,14917,→
578,Pallejà (Pallejá),Municipality,Barcelona,5728,6599,8399,11283,11636,→
579,Palol de Revardit (Palol de Rebardit),Municipality,Girona,386,378,379,476,446,→
580,Pals,Municipality,Girona,1726,1676,2046,2671,2516,→
581,Pardines (Pardinas),Municipality,Girona,130,122,146,155,166,→
582,Parets del Vallès,Municipality,Barcelona,8745,10960,14983,18393,18907,→
583,Parlavà (Parlabá),Municipality,Girona,361,335,356,387,413,→
584,Passanant i Belltall (Pasanant),Municipality,Tarragona,232,194,194,158,167,→
585,Pau,Municipality,Girona,313,364,423,566,588,→
586,Paüls (Pauls),Municipality,Tarragona,741,728,629,598,563,→
587,Pedret i Marzà (Pedret y Marsá),Municipality,Girona,142,124,142,181,187,→
588,Penelles (Penellas),Municipality,Lleida,707,571,519,513,443,→
589,Perafita,Municipality,Barcelona,356,338,356,400,412,→
590,Perafort,Municipality,Tarragona,444,505,613,1265,1275,→
591,Peralada (Perelada),Municipality,Girona,1242,1136,1367,1858,1945,→
592,Peramola,Municipality,Lleida,449,393,368,371,348,→
593,Piera,Municipality,Barcelona,4730,6013,10048,15016,16411,→
594,Pineda de Mar,Municipality,Barcelona,11747,16317,21074,25838,27974,→
595,Pinell de Solsonès,Municipality,Lleida,326,257,224,211,188,→
596,Pinós,Municipality,Lleida,466,341,308,307,290,→
597,Pira,Municipality,Tarragona,382,312,433,501,498,→
598,Planoles (Planolas),Municipality,Girona,329,246,277,315,311,→
599,Poboleda,Municipality,Tarragona,395,367,347,370,328,→
600,Polinyà (Polinyá),Municipality,Barcelona,2321,3385,5145,8098,8494,→
601,Pont de Molins,Municipality,Girona,353,260,438,534,518,→
602,Pontils,Municipality,Tarragona,93,110,134,140,138,→
603,Pontons,Municipality,Barcelona,213,256,414,538,523,→
604,Pontós,Municipality,Girona,223,193,223,235,264,→
605,Ponts,Municipality,Lleida,2251,2200,2393,2671,2629,→
606,Porqueres (Porqueras),Municipality,Girona,2556,3073,3675,4468,4701,→
607,Porrera,Municipality,Tarragona,496,437,462,461,428,→
608,Portbou,Municipality,Girona,2280,1913,1398,1266,1095,→
609,Pradell de la Teixeta,Municipality,Tarragona,294,266,189,202,164,→
610,Prades,Municipality,Tarragona,546,530,561,650,602,→
611,Prat de Comte (Prat de Compte),Municipality,Tarragona,257,222,188,185,186,→
612,Pratdip,Municipality,Tarragona,481,439,532,780,680,→
613,Prats de Lluçanès (Prats de Llusanés),Municipality,Barcelona,2266,2625,2687,2654,2634,→
614,Prats i Sansor (Prats y Sampsor),Municipality,Lleida,106,133,210,285,251,→
615,Preixana,Municipality,Lleida,486,470,423,409,391,→
616,Preixens (Preixéns),Municipality,Lleida,583,550,507,472,421,→
617,Premià de Dalt (Premiá de Dalt),Municipality,Barcelona,5241,6550,9114,10249,10419,→
618,Premià de Mar (Premiá de Mar),Municipality,Barcelona,20034,22699,26334,27924,28523,→
619,Prullans (Prulláns),Municipality,Lleida,184,192,212,236,246,→
620,Puigcerdà (Puigcerdá),Municipality,Girona,5839,6329,7020,8838,9518,→
621,Puigdàlber (Puigdalba),Municipality,Barcelona,306,298,347,531,551,→
622,Puiggròs (Puig Gros),Municipality,Lleida,287,265,269,309,265,→
623,Puigpelat,Municipality,Tarragona,401,436,634,1037,1196,→
624,Puig-reig (Puigreig),Municipality,Barcelona,5361,4746,4188,4311,4289,→
625,Puigverd d'Agramunt (Puigvert de Agramunt),Municipality,Lleida,260,252,253,266,230,→
626,Puigverd de Lleida (Puigvert de Lérida),Municipality,Lleida,995,949,1073,1444,1384,→
627,Pujalt,Municipality,Barcelona,170,176,188,204,206,→
628,Quart,Municipality,Girona,1272,2083,2362,3261,3856,→
629,Queralbs,Municipality,Girona,223,199,194,180,191,→
630,Querol,Municipality,Tarragona,140,171,290,552,544,→
631,Rabós,Municipality,Girona,158,138,166,194,206,→
632,Rajadell,Municipality,Barcelona,256,288,389,542,549,→
633,Rasquera,Municipality,Tarragona,907,896,812,880,846,→
634,Regencós,Municipality,Girona,283,263,281,293,282,→
635,Rellinars,Municipality,Barcelona,151,235,396,742,868,→
636,Renau,Municipality,Tarragona,27,63,58,137,155,→
637,Reus,Municipality,Tarragona,79245,87670,89006,106849,106084,→
638,Rialp,Municipality,Lleida,415,466,537,664,658,→
639,Riba-roja d'Ebre (Ribarroja de Ebro),Municipality,Tarragona,2104,1607,1310,1269,1117,→
640,Ribera d'Ondara (Ribera del Dondara),Municipality,Lleida,570,505,486,447,431,→
641,Ribera d'Urgellet (Ribera de Urgellet),Municipality,Lleida,889,822,811,973,947,→
642,Ribes de Freser (Ribas de Freser),Municipality,Girona,2794,2330,2033,1909,1787,→
643,Riells i Viabrea,Municipality,Girona,538,998,2264,3969,4268,→
644,Riner,Municipality,Lleida,284,253,279,290,281,→
645,Ripoll,Municipality,Girona,12209,11334,10597,10903,10721,→
646,Ripollet,Municipality,Barcelona,26133,26782,30235,37336,39139,→
647,Riudarenes (Riudarenas),Municipality,Girona,1143,1108,1281,2151,2283,→
648,Riudaura,Municipality,Girona,431,364,401,441,511,→
649,Riudecanyes (Riudecañas),Municipality,Tarragona,593,581,734,1148,1194,→
650,Riu de Cerdanya,Municipality,Lleida,39,54,75,120,93,→
651,Riudecols,Municipality,Tarragona,929,940,984,1284,1225,→
652,Riudellots de la Selva,Municipality,Girona,1144,1308,1584,2008,2076,→
653,Riudoms,Municipality,Tarragona,4862,4780,5257,6504,6617,→
654,Riumors,Municipality,Girona,217,201,194,243,244,→
655,Rocafort de Queralt,Municipality,Tarragona,309,264,267,271,230,→
656,Roda de Berà,Municipality,Tarragona,1556,2077,3639,6241,7127,→
657,Roda de Ter,Municipality,Barcelona,4562,5015,5210,6164,6449,→
658,Rodonyà (Rodoñá),Municipality,Tarragona,385,370,443,502,507,→
659,Roquetes (Roquetas),Municipality,Tarragona,5817,5525,6650,8330,8159,→
660,Roses (Rosas),Municipality,Girona,8004,10303,12726,19737,19921,→
661,Rosselló (Roselló),Municipality,Lleida,1544,1622,1902,3064,3186,→
662,Rubí,Municipality,Barcelona,43839,50405,61159,74321,78549,→
663,Rubió,Municipality,Barcelona,136,117,123,230,236,→
664,Rupià (Rupiá),Municipality,Girona,246,199,182,245,296,→
665,Rupit i Pruit (Rupit y Pruït),Municipality,Barcelona,414,343,341,309,296,→
666,Sabadell,Municipality,Barcelona,186123,189404,183788,206949,216204,→
667,Sagàs (Sagás),Municipality,Barcelona,272,194,153,144,151,→
668,Salàs de Pallars (Salás del Pallars),Municipality,Lleida,417,336,323,365,343,→
669,Saldes,Municipality,Barcelona,310,328,315,315,283,→
670,Sales de Llierca,Municipality,Girona,39,54,96,142,164,→
671,Sallent (Sallent de Llobregat),Municipality,Barcelona,8213,7686,7004,6866,6717,→
672,Salomó,Municipality,Tarragona,521,439,377,522,544,→
673,Salou,Municipality,Tarragona,5469,7264,14164,26345,28512,→
674,Salt,Municipality,Girona,19537,21807,21238,29430,32230,→
675,Sanaüja (Sanahuja),Municipality,Lleida,511,468,453,449,396,→
676,Santa Bàrbara (Santa Bárbara),Municipality,Tarragona,3296,3348,3398,3911,3762,→
677,Santa Cecília de Voltregà (Santa Cecilia de Voltregá),Municipality,Barcelona,194,187,206,178,179,→
678,Santa Coloma de Cervelló,Municipality,Barcelona,2520,3030,5557,7978,8273,→
679,Santa Coloma de Farners (Santa Coloma de Farnés),Municipality,Girona,6993,8239,9169,12317,13459,→
680,Santa Coloma de Gramenet (Santa Coloma de Gramanet),Municipality,Barcelona,140613,133138,112992,119391,119289,→
681,Santa Coloma de Queralt,Municipality,Tarragona,2743,2542,2780,3037,2702,→
682,Santa Cristina d'Aro (Santa Cristina de Aro),Municipality,Girona,1281,1859,2873,5027,5408,→
683,Sant Adrià de Besòs (San Adrián de Besós),Municipality,Barcelona,36397,34154,31939,34369,37283,→
684,Santa Eugènia de Berga (Santa Eugenia de Berga),Municipality,Barcelona,1129,1590,1973,2262,2259,→
685,Santa Eulàlia de Riuprimer (Santa Eulalia de Riuprimer),Municipality,Barcelona,783,844,863,1193,1409,→
686,Santa Eulàlia de Ronçana (Santa Eulalia de Ronsana),Municipality,Barcelona,2346,3029,4950,7010,7538,→
687,Santa Fe del Penedès (Santa Fe del Panadés),Municipality,Barcelona,194,200,317,381,378,→
688,Sant Agustí de Lluçanès (San Agustín de Llusanés),Municipality,Barcelona,132,123,105,96,92,→
689,Santa Llogaia d'Àlguema (Santa Leocadia de Algama),Municipality,Girona,303,316,311,348,378,→
690,Santa Margarida de Montbui (Santa Margarita de Montbuy),Municipality,Barcelona,8178,9308,9064,9713,10192,→
691,Santa Margarida i els Monjos (Santa Margarita y Monjós),Municipality,Barcelona,3327,3917,5042,7091,7664,→
692,Santa Maria de Besora (Santa María de Besora),Municipality,Barcelona,209,201,178,157,161,→
693,Santa Maria de Martorelles (Santa María de Martorellas de Arriba),Municipality,Barcelona,398,483,690,870,882,→
694,Santa Maria de Merlès (Santa María de Marlés),Municipality,Barcelona,305,200,156,172,180,→
695,Santa Maria de Miralles (Santa María de Miralles),Municipality,Barcelona,98,108,98,132,129,→
696,Santa Maria de Palautordera (Santa María de Palautordera),Municipality,Barcelona,4159,4979,6442,9109,9666,→
697,Santa Maria d'Oló (Santa María de Oló),Municipality,Barcelona,1089,1015,990,1045,1065,→
698,Sant Andreu de la Barca (San Andrés de la Barca),Municipality,Barcelona,13196,14475,21933,27246,27175,→
699,Sant Andreu de Llavaneres (San Andrés de Llavaneras),Municipality,Barcelona,2949,4183,7833,10472,11150,→
700,Sant Andreu Salou (San Andrés Salou),Municipality,Girona,166,137,137,158,156,→
701,Sant Aniol de Finestres (Sant Aniol de Finestrás),Municipality,Girona,275,237,290,346,353,→
702,Sant Antoni de Vilamajor (San Antonio Vilamajor),Municipality,Barcelona,1654,2216,3829,5660,6383,→
703,Santa Oliva,Municipality,Tarragona,1137,1485,2261,3325,3450,→
704,Santa Pau,Municipality,Girona,1274,1391,1496,1593,1585,→
705,Santa Perpètua de Mogoda (Santa Perpetua de Moguda),Municipality,Barcelona,13549,16792,20479,25521,26033,→
706,Santa Susanna (Santa Susana),Municipality,Barcelona,509,982,2090,3326,3650,→
707,Sant Bartomeu del Grau (San Bartolomé del Grau),Municipality,Barcelona,1034,1121,1106,909,913,→
708,Sant Boi de Llobregat (San Baudilio de Llobregat),Municipality,Barcelona,72926,77932,78738,82666,83755,→
709,Sant Boi de Lluçanès (San Baudilio de Llusanés),Municipality,Barcelona,520,530,566,544,573,→
710,Sant Carles de la Ràpita (San Carlos de la Rápita),Municipality,Tarragona,10051,10752,11572,15143,14931,→
711,Sant Cebrià de Vallalta (San Cipriano de Vallalta),Municipality,Barcelona,614,876,1951,3332,3570,→
712,Sant Celoni (San Celoni),Municipality,Barcelona,11946,11957,12700,16973,18176,→
713,Sant Climent de Llobregat (San Clemente de Llobregat),Municipality,Barcelona,2083,2289,3140,3903,4193,→
714,Sant Climent Sescebes (San Clemente Sasebas),Municipality,Girona,490,440,408,564,712,→
715,Sant Cugat del Vallès (San Cugat del Vallés),Municipality,Barcelona,30633,38937,60265,84934,94012,→
716,Sant Cugat Sesgarrigues (San Cugat Sasgarrigas),Municipality,Barcelona,697,716,755,994,1004,→
717,Sant Esteve de la Sarga (San Esteban de la Sarga),Municipality,Lleida,230,87,108,139,122,→
718,Sant Esteve de Palautordera (San Esteban de Palautordera),Municipality,Barcelona,968,1179,1484,2540,2997,→
719,Sant Esteve Sesrovires (San Esteban de Sasroviras),Municipality,Barcelona,1456,2642,5410,7457,7771,→
720,Sant Feliu de Buixalleu (San Felíu de Buxalleu),Municipality,Girona,615,592,702,790,808,→
721,Sant Feliu de Codines (San Felíu de Codinas),Municipality,Barcelona,3316,3698,4530,6008,6406,→
722,Sant Feliu de Guíxols,Municipality,Girona,15500,16051,17994,21752,22210,→
723,Sant Feliu de Llobregat (San Feliú de Llobregat),Municipality,Barcelona,38004,36608,40042,43333,45463,→
724,Sant Feliu de Pallerols (San Feliu de Pallarols),Municipality,Girona,1139,1087,1152,1347,1456,→
725,Sant Feliu Sasserra (San Felíu Saserra),Municipality,Barcelona,674,654,654,663,617,→
726,Sant Ferriol (San Ferreol),Municipality,Girona,221,201,199,224,247,→
727,Sant Fost de Campsentelles (San Fausto de Campcentellas),Municipality,Barcelona,2969,4938,6718,8464,8997,→
728,Sant Fruitós de Bages (San Fructuoso de Bages),Municipality,Barcelona,3761,4778,5936,8216,8936,→
729,Sant Gregori (San Gregorio),Municipality,Girona,1634,1867,2487,3327,4012,→
730,Sant Guim de Freixenet,Municipality,Lleida,1077,1051,1009,1095,1059,→
731,Sant Guim de la Plana,Municipality,Lleida,209,206,179,198,184,→
732,Sant Hilari Sacalm (San Hilario Sacalm),Municipality,Girona,4375,4704,5036,5718,5758,→
733,Sant Hipòlit de Voltregà (San Hipólito de Voltregá),Municipality,Barcelona,3160,2981,3047,3606,3547,→
734,Sant Iscle de Vallalta (San Acisclo de Vallalta),Municipality,Barcelona,490,513,944,1304,1438,→
735,Sant Jaume de Frontanyà (San Jaime de Frontanya),Municipality,Barcelona,20,28,26,28,28,→
736,Sant Jaume de Llierca (San Jaime de Llierca),Municipality,Girona,791,757,746,756,852,→
737,Sant Jaume dels Domenys (San Jaime dels Domenys),Municipality,Tarragona,1050,1187,1500,2508,2666,→
738,Sant Jaume d'Enveja (San Jaime de Enveija),Municipality,Tarragona,3407,3429,3309,3541,3552,→
739,Sant Joan de les Abadesses (San Juan de las Abadesas),Municipality,Girona,4247,3896,3566,3461,3250,→
740,Sant Joan de Mollet (San Juan de Mollet),Municipality,Girona,315,312,406,522,501,→
741,Sant Joan Despí (San Juan Despí),Municipality,Barcelona,25309,24977,28772,32767,34130,→
742,Sant Joan de Vilatorrada (San Juan de Torruella),Municipality,Barcelona,7402,7974,9336,10769,10871,→
743,Sant Joan les Fonts (San Juan les Fonts),Municipality,Girona,2924,2821,2719,2852,3050,→
744,Sant Jordi Desvalls (San Jordi Desvalls),Municipality,Girona,626,602,634,699,796,→
745,Sant Julià de Cerdanyola (San Julián de Cerdañola),Municipality,Barcelona,229,226,236,258,235,→
746,Sant Julià del Llor i Bonmatí,Municipality,Girona,830,887,989,1252,1314,→
747,Sant Julià de Ramis (San Julián de Ramis),Municipality,Girona,1346,1731,2098,3440,3612,→
748,Sant Julià de Vilatorta (San Julián de Vilatorta),Municipality,Barcelona,1518,1934,2414,3025,3152,→
749,Sant Just Desvern (San Justo Desvern),Municipality,Barcelona,11022,12471,13870,15572,19379,→
750,Sant Llorenç de la Muga (San Lorenzo de la Muga),Municipality,Girona,188,156,185,240,267,→
751,Sant Llorenç de Morunys (San Lorenzo de Morunys),Municipality,Lleida,889,861,921,1034,985,→
752,Sant Llorenç d'Hortons (San Lorenzo de Hortóns),Municipality,Barcelona,953,1085,1758,2525,2459,→
753,Sant Llorenç Savall (San Lorenzo Savall),Municipality,Barcelona,1984,1956,2061,2417,2514,→
754,Sant Martí d'Albars (San Martín del Bas),Municipality,Barcelona,162,125,134,108,107,→
755,Sant Martí de Centelles (San Martín de Centellas),Municipality,Barcelona,738,642,772,1097,1186,→
756,Sant Martí de Llémena (San Martín de Liémana),Municipality,Girona,319,313,459,598,663,→
757,Sant Martí de Riucorb (Sant Martí de Río Corb),Municipality,Lleida,854,781,699,692,649,→
758,Sant Martí de Tous (San Martín de Tous),Municipality,Barcelona,1027,946,998,1173,1236,→
759,Sant Martí Sarroca (San Martín Sarroca),Municipality,Barcelona,2311,2394,2448,3192,3286,→
760,Sant Martí Sesgueioles (San Martín Sasgayolas),Municipality,Barcelona,415,363,353,380,344,→
761,Sant Martí Vell (San Martivell),Municipality,Girona,199,204,204,259,244,→
762,Sant Mateu de Bages (San Mateo de Bages),Municipality,Barcelona,628,545,690,641,614,→
763,Sant Miquel de Campmajor (San Miguel de Campmajor),Municipality,Girona,241,217,201,227,243,→
764,Sant Miquel de Fluvià (San Miguel de Fluviá),Municipality,Girona,481,549,621,784,755,→
765,Sant Mori (San Mori),Municipality,Girona,151,146,141,200,157,→
766,Sant Pau de Segúries (San Pablo de Seguríes),Municipality,Girona,607,647,645,677,725,→
767,Santpedor (Sampedor),Municipality,Barcelona,3411,4570,5492,7159,7566,→
768,Sant Pere de Ribes (San Pedro de Ribas),Municipality,Barcelona,10517,13662,23134,28944,31525,→
769,Sant Pere de Riudebitlles (San Pedro de Riudevitlles),Municipality,Barcelona,2170,2108,2086,2352,2411,→
770,Sant Pere de Torelló (San Pedro de Torelló),Municipality,Barcelona,2006,1996,2188,2443,2488,→
771,Sant Pere de Vilamajor (San Pedro de Vilamajor),Municipality,Barcelona,702,1141,2809,4285,4671,→
772,Sant Pere Pescador (San Pedro Pescador),Municipality,Girona,1058,1199,1425,2106,2083,→
773,Sant Pere Sallavinera (Salavinera),Municipality,Barcelona,183,185,146,165,159,→
774,Sant Pol de Mar (San Pol de Mar),Municipality,Barcelona,2275,2406,3927,5078,5538,→
775,Sant Quintí de Mediona (San Quintín de Mediona),Municipality,Barcelona,1533,1483,1791,2113,2367,→
776,Sant Quirze de Besora (San Quirico de Besora),Municipality,Barcelona,2074,2028,1970,2189,2145,→
777,Sant Quirze del Vallès (San Quirico de Tarrasa),Municipality,Barcelona,5115,9046,13727,19024,20156,→
778,Sant Quirze Safaja (San Quirico Safaja),Municipality,Barcelona,321,249,417,648,660,→
779,Sant Ramon (San Ramón),Municipality,Lleida,652,561,560,535,497,→
780,Sant Sadurní d'Anoia (San Sadurní de Noya),Municipality,Barcelona,8596,9296,9843,12487,12840,→
781,Sant Sadurní d'Osormort (San Saturnino de Osormot),Municipality,Barcelona,79,74,81,95,76,→
782,Sant Salvador de Guardiola (Guardiola),Municipality,Barcelona,633,1221,2156,3135,3243,→
783,Sant Vicenç de Castellet (San Vicente de Castellet),Municipality,Barcelona,7839,7393,7008,9261,9868,→
784,Sant Vicenç dels Horts (San Vicente dels Horts),Municipality,Barcelona,20182,20836,24694,28025,28115,→
785,Sant Vicenç de Montalt (San Vicente de Montalt),Municipality,Barcelona,1191,1600,3847,5831,6523,→
786,Sant Vicenç de Torelló (San Vicente de Torelló),Municipality,Barcelona,1785,1702,1806,2032,2077,→
787,Sarral,Municipality,Tarragona,1466,1361,1415,1638,1549,→
788,Sarrià de Ter (Sarriá de Ter),Municipality,Girona,3779,3237,3708,4811,5231,→
789,Sarroca de Bellera,Municipality,Lleida,151,140,153,130,120,→
790,Sarroca de Lleida,Municipality,Lleida,549,501,457,408,357,→
791,"Saus, Camallera i Llampaies (Saus)",Municipality,Girona,724,705,686,787,865,→
792,Savallà del Comtat (Savallá del Condado),Municipality,Tarragona,58,56,62,69,53,→
793,Senan (Senant),Municipality,Tarragona,31,27,35,57,42,→
794,Senterada,Municipality,Lleida,163,109,98,137,150,→
795,Sentmenat (Senmanat),Municipality,Barcelona,3674,4582,5921,8481,9347,→
796,Serinyà (Seriñá),Municipality,Girona,730,763,850,1118,1143,→
797,Seròs (Serós),Municipality,Lleida,1948,1890,1771,1893,1923,→
798,Serra de Daró,Municipality,Girona,222,184,184,209,235,→
799,Setcases (Setcasas),Municipality,Girona,148,150,178,184,185,→
800,Seva,Municipality,Barcelona,1487,1765,2578,3428,3696,→
801,Sidamon (Sidamunt),Municipality,Lleida,447,444,586,722,755,→
802,Sils,Municipality,Girona,1865,2356,3248,5678,6349,→
803,Sitges,Municipality,Barcelona,11844,13109,19893,28142,30217,→
804,Siurana (Ciurana),Municipality,Girona,174,151,167,169,179,→
805,Sobremunt,Municipality,Barcelona,63,91,87,91,78,→
806,Solivella,Municipality,Tarragona,851,714,633,654,640,→
807,Solsona,Municipality,Lleida,6267,6658,7344,9200,9175,→
808,Sora,Municipality,Barcelona,268,211,182,181,211,→
809,Soriguera,Municipality,Lleida,260,290,325,365,431,→
810,Sort,Municipality,Lleida,1548,1571,1851,2284,2181,→
811,Soses,Municipality,Lleida,1503,1516,1466,1759,1781,→
812,Subirats,Municipality,Barcelona,2214,2083,2576,3063,3149,→
813,Sudanell,Municipality,Lleida,771,733,704,895,844,→
814,Sunyer (Suñé),Municipality,Lleida,320,311,297,298,334,→
815,Súria (Suria),Municipality,Barcelona,6839,6540,6022,6229,5923,→
816,Susqueda,Municipality,Girona,198,98,98,106,99,→
817,Tagamanent,Municipality,Barcelona,132,151,217,317,325,→
818,Talamanca,Municipality,Barcelona,60,76,100,156,222,→
819,Talarn,Municipality,Lleida,436,371,336,423,489,→
820,Talavera,Municipality,Lleida,359,315,301,297,287,→
821,Taradell,Municipality,Barcelona,4114,4593,5270,6190,6687,→
822,Tarragona (→ La Canonja),Municipality,Tarragona,109112,110153,113129,133223,135436,→
823,Tàrrega (Tárrega),Municipality,Lleida,11046,11233,12848,16676,17649,→
824,Tarrés,Municipality,Lleida,109,101,116,109,105,→
825,Tarroja de Segarra,Municipality,Lleida,225,200,171,172,187,→
826,Tavèrnoles (Tabérnolas),Municipality,Barcelona,187,208,273,312,329,→
827,Tavertet,Municipality,Barcelona,97,132,146,138,113,→
828,Teià (Teyá),Municipality,Barcelona,2258,3773,5450,6122,6532,→
829,Térmens (Termens),Municipality,Lleida,1422,1399,1420,1572,1330,→
830,Terrades,Municipality,Girona,200,184,210,302,334,→
831,Terrassa (Tarrasa),Municipality,Barcelona,155614,158063,173775,214406,223011,→
832,Tiana,Municipality,Barcelona,3028,4685,6082,8108,9009,→
833,Tírvia (Tirvia),Municipality,Lleida,106,107,119,155,131,→
834,Tiurana,Municipality,Lleida,199,233,32,79,73,→
835,Tivenys,Municipality,Tarragona,1121,1049,898,916,900,→
836,Tivissa (Tivisa),Municipality,Tarragona,1960,1786,1773,1774,1639,→
837,Tona,Municipality,Barcelona,5124,5522,6072,8056,8368,→
838,Torà (Torá),Municipality,Lleida,1279,1136,1159,1302,1209,→
839,Tordera,Municipality,Barcelona,7560,8156,10116,16244,17788,→
840,Torelló,Municipality,Barcelona,10941,11460,12286,13857,14553,→
841,Tornabous,Municipality,Lleida,958,884,796,914,826,→
842,Torrebesses (Torrebeses),Municipality,Lleida,380,359,323,302,298,→
843,Torredembarra,Municipality,Tarragona,5253,6238,11187,15227,17057,→
844,Torrefarrera,Municipality,Lleida,1443,1524,1992,4343,4702,→
845,Torrefeta i Florejacs (Torreflor),Municipality,Lleida,739,731,628,621,602,→
846,Torregrossa (Torregrosa),Municipality,Lleida,2341,2200,2161,2246,2157,→
847,Torrelameu,Municipality,Lleida,611,603,578,709,759,→
848,Torrelavit,Municipality,Barcelona,1176,1231,1123,1381,1429,→
849,Torrelles de Foix (Torrellas de Foix),Municipality,Barcelona,1128,1277,1713,2401,2479,→
850,Torrelles de Llobregat (Torrellas de Llobregat),Municipality,Barcelona,1475,2352,3759,5696,6126,→
851,Torrent,Municipality,Girona,206,182,179,191,160,→
852,Torres de Segre,Municipality,Lleida,1850,1826,1838,2161,2381,→
853,Torre-serona (Torreserona),Municipality,Lleida,295,304,337,361,383,→
854,Torroella de Fluvià (Torroella de Fluviá),Municipality,Girona,285,297,399,692,726,→
855,Torroella de Montgrí,Municipality,Girona,5651,7023,8244,11296,12023,→
856,Torroja del Priorat,Municipality,Tarragona,179,132,142,172,141,→
857,Tortellà (Tortellá),Municipality,Girona,767,692,706,781,816,→
858,Tortosa,Municipality,Tarragona,28140,29452,28933,34422,33572,→
859,Toses (San Cristóbal de Tosas),Municipality,Girona,132,148,148,154,178,→
860,Tossa de Mar (Tosa de Mar),Municipality,Girona,2979,3439,4366,5809,5930,→
861,Tremp,Municipality,Lleida,5603,5308,5192,6289,5893,→
862,Ullà,Municipality,Girona,848,707,824,1037,1167,→
863,Ullastrell,Municipality,Barcelona,757,939,1252,1985,2096,→
864,Ullastret,Municipality,Girona,292,259,225,274,258,→
865,Ulldecona,Municipality,Tarragona,5273,5171,5534,7136,6317,→
866,Ulldemolins,Municipality,Tarragona,583,523,495,435,400,→
867,Ultramort,Municipality,Girona,225,201,201,207,226,→
868,Urús,Municipality,Girona,94,124,198,203,210,→
869,Vacarisses (Vacarisas),Municipality,Barcelona,443,863,3173,6240,7082,→
870,Vallbona d'Anoia,Municipality,Barcelona,1049,1040,1027,1418,1375,→
871,Vallbona de les Monges (Vallbona de las Monjas),Municipality,Lleida,275,289,268,257,236,→
872,Vallcebre,Municipality,Barcelona,375,308,254,277,258,→
873,Vallclara,Municipality,Tarragona,80,100,123,125,91,→
874,Vall de Cardós,Municipality,Lleida,369,333,348,406,382,→
875,Vallfogona de Balaguer,Municipality,Lleida,1316,1404,1503,1852,1912,→
876,Vallfogona de Ripollès,Municipality,Girona,264,252,209,222,213,→
877,Vallfogona de Riucorb,Municipality,Tarragona,128,102,154,121,77,→
878,Vallgorguina,Municipality,Barcelona,635,755,1430,2604,3052,→
879,Vallirana,Municipality,Barcelona,4377,6570,9866,14509,15438,→
880,Vall-llobrega,Municipality,Girona,209,209,438,895,918,→
881,Vallmoll,Municipality,Tarragona,929,1034,1292,1652,1793,→
882,Vallromanes,Municipality,Barcelona,383,657,1545,2463,2594,→
883,Valls,Municipality,Tarragona,18857,20092,20232,24893,24553,→
884,Vandellòs i l'Hospitalet de l'Infant (Vandellós y Hospitalet del Infante),Municipality,Tarragona,3841,4162,4373,5919,6645,→
885,Veciana,Municipality,Barcelona,211,163,157,168,179,→
886,Ventalló,Municipality,Girona,517,521,619,807,914,→
887,Verdú,Municipality,Lleida,954,960,1004,1013,880,→
888,Verges,Municipality,Girona,1231,1127,1104,1192,1183,→
889,Vespella de Gaià,Municipality,Tarragona,72,83,210,393,458,→
890,Vic (Vich),Municipality,Barcelona,30155,28736,32703,40998,47319,→
891,Vidrà (Vidrá),Municipality,Girona,197,171,163,163,186,→
892,Vidreres (Vidreras),Municipality,Girona,3207,3783,4978,7671,8073,→
893,Vielha e Mijaran (Viella Mitg Arán),Municipality,Lleida,2874,3109,4029,5470,5674,→
894,Vilabella,Municipality,Tarragona,825,844,787,831,705,→
895,Vilabertran,Municipality,Girona,886,794,783,906,969,→
896,Vilablareix,Municipality,Girona,803,1020,2034,2430,3225,→
897,Vilada,Municipality,Barcelona,602,546,530,491,424,→
898,Viladamat,Municipality,Girona,377,381,385,445,471,→
899,Viladasens,Municipality,Girona,190,189,178,212,214,→
900,Viladecans,Municipality,Barcelona,43358,48294,56841,64999,66707,→
901,Viladecavalls (Viladecaballs),Municipality,Barcelona,1549,3399,6383,7418,7621,→
902,Vilademuls,Municipality,Girona,824,755,723,772,835,→
903,Viladrau,Municipality,Girona,757,883,863,1071,1102,→
904,Vilafant (Vilafan),Municipality,Girona,1506,2914,4303,5518,5480,→
905,Vilafranca del Penedès (Villafranca del Panadés),Municipality,Barcelona,25025,27818,31248,38839,39969,→
906,Vilagrassa (Vilagrasa),Municipality,Lleida,460,429,402,490,587,→
907,Vilajuïga,Municipality,Girona,730,598,982,1150,1124,→
908,Vilalba dels Arcs (Villalba de los Arcos),Municipality,Tarragona,788,793,752,708,630,→
909,Vilalba Sasserra (Villalba Saserra),Municipality,Barcelona,211,297,491,701,758,→
910,Vilaller,Municipality,Lleida,1005,592,560,641,554,→
911,Vilallonga del Camp (Vilallonga del Campo),Municipality,Tarragona,1223,1191,1245,2208,2385,→
912,Vilallonga de Ter,Municipality,Girona,452,429,420,454,386,→
913,Vilamacolum,Municipality,Girona,289,215,263,286,371,→
914,Vilamalla,Municipality,Girona,369,622,880,1094,1154,→
915,Vilamaniscle,Municipality,Girona,114,126,142,166,205,→
916,Vilamòs (Vilamós),Municipality,Lleida,83,110,139,185,164,→
917,Vilanant,Municipality,Girona,278,251,317,377,399,→
918,Vilanova de Bellpuig,Municipality,Lleida,1273,1197,1090,1190,1178,→
919,Vilanova de la Barca (Villanueva de la Barca),Municipality,Lleida,896,870,966,1151,1127,→
920,Vilanova de l'Aguda (Vilanova de la Aguda),Municipality,Lleida,324,279,267,242,194,→
921,Vilanova del Camí,Municipality,Barcelona,8368,9317,10194,12582,12736,→
922,Vilanova del Vallès (Vilanova del Vallés),Municipality,Barcelona,1164,1468,2540,5063,5535,→
923,Vilanova de Meià (Vilanova de Meyá),Municipality,Lleida,531,499,424,421,427,→
924,Vilanova de Prades,Municipality,Tarragona,165,162,143,126,108,→
925,Vilanova de Sau,Municipality,Barcelona,341,305,332,323,314,→
926,Vilanova d'Escornalbou,Municipality,Tarragona,461,445,442,560,582,→
927,Vilanova de Segrià (Vilanova de Segriá),Municipality,Lleida,705,672,759,890,1000,→
928,Vilanova i la Geltrú (Villanueva y Geltrú),Municipality,Barcelona,43833,45864,54230,66074,67458,→
929,Vilaplana,Municipality,Tarragona,511,510,559,620,536,→
930,Vila-rodona (Vilarrodona),Municipality,Tarragona,1054,1017,1001,1274,1299,→
931,Vila-sacra (Vilasacra),Municipality,Girona,385,414,405,672,761,→
932,Vila-sana (Vilasana),Municipality,Lleida,556,525,540,701,761,→
933,Vila-seca (Vilaseca),Municipality,Tarragona,10957,11528,13353,21783,22522,→
934,Vilassar de Dalt (Vilasar de Dalt),Municipality,Barcelona,5527,6791,7904,8863,9074,→
935,Vilassar de Mar (Vilasar de Mar),Municipality,Barcelona,9519,12117,17369,19881,20936,→
936,Vilaür (Vilahur),Municipality,Girona,123,104,115,140,162,→
937,Vilaverd (Vilavert),Municipality,Tarragona,413,366,378,494,445,→
938,Vilobí del Penedès (Viloví),Municipality,Barcelona,772,815,917,1109,1128,→
939,Vilobí d'Onyar (Viloví de Oñar),Municipality,Girona,1810,2083,2250,3024,3310,→
940,Vilopriu,Municipality,Girona,196,176,152,211,230,→
941,Vimbodí i Poblet,Municipality,Tarragona,1204,1095,1026,1007,880,→
942,Vinaixa,Municipality,Lleida,759,727,614,562,464,→
943,Vinebre,Municipality,Tarragona,565,451,450,478,427,→
944,Vinyols i els Arcs (Viñols y Archs),Municipality,Tarragona,807,831,1264,1927,2193,→
945,Viver i Serrateix (Viver y Serrateix),Municipality,Barcelona,235,209,189,177,175,→
946,Xerta (Cherta),Municipality,Tarragona,1318,1248,1210,1271,1159,→
